{
  "accuracy": 0.9919282511210762,
  "precision": 0.9861111111111112,
  "recall": 0.9530201342281879,
  "f1_score": 0.9692832764505119,
  "cv_mean": 0.989230622115525,
  "cv_std": 0.0026159921979956153,
  "confusion_matrix": [
    [
      964,
      2
    ],
    [
      7,
      142
    ]
  ],
  "timestamp": "20251023_000058",
  "model_type": "MultinomialNB"
}